Symbol,Security,Sector,Sub-Industry,Date first added
BTC,BTCUSDT,Cryptocurrency,Digital Asset,2024-09-01
ETH,ETHUSDT,Cryptocurrency,Digital Asset,2024-09-01
BNB,BNBUSDT,Cryptocurrency,Digital Asset,2024-09-01
BCC,BCCUSDT,Cryptocurrency,Digital Asset,2018-11-01
NEO,NEOUSDT,Cryptocurrency,Digital Asset,2024-09-01
LTC,LTCUSDT,Cryptocurrency,Digital Asset,2024-09-01
QTUM,QTUMUSDT,Cryptocurrency,Digital Asset,2024-09-01
ADA,ADAUSDT,Cryptocurrency,Digital Asset,2024-09-01
XRP,XRPUSDT,Cryptocurrency,Digital Asset,2024-09-01
EOS,EOSUSDT,Cryptocurrency,Digital Asset,2024-09-01
TUSD,TUSDUSDT,Cryptocurrency,Digital Asset,2024-09-01
IOTA,IOTAUSDT,Cryptocurrency,Digital Asset,2024-09-01
XLM,XLMUSDT,Cryptocurrency,Digital Asset,2024-09-01
ONT,ONTUSDT,Cryptocurrency,Digital Asset,2024-09-01
TRX,TRXUSDT,Cryptocurrency,Digital Asset,2024-09-01
ETC,ETCUSDT,Cryptocurrency,Digital Asset,2024-09-01
ICX,ICXUSDT,Cryptocurrency,Digital Asset,2024-09-01
VEN,VENUSDT,Cryptocurrency,Digital Asset,2018-10-01
NULS,NULSUSDT,Cryptocurrency,Digital Asset,2024-09-01
VET,VETUSDT,Cryptocurrency,Digital Asset,2024-09-01
PAX,PAXUSDT,Cryptocurrency,Digital Asset,2021-09-01
BCHABC,BCHABCUSDT,Cryptocurrency,Digital Asset,2019-11-01
BCHSV,BCHSVUSDT,Cryptocurrency,Digital Asset,2019-04-01
USDC,USDCUSDT,Cryptocurrency,Digital Asset,2024-09-01
LINK,LINKUSDT,Cryptocurrency,Digital Asset,2024-09-01
WAVES,WAVESUSDT,Cryptocurrency,Digital Asset,2024-06-01
BTT,BTTUSDT,Cryptocurrency,Digital Asset,2022-01-01
USDS,USDSUSDT,Cryptocurrency,Digital Asset,2020-06-01
ONG,ONGUSDT,Cryptocurrency,Digital Asset,2024-09-01
HOT,HOTUSDT,Cryptocurrency,Digital Asset,2024-09-01
ZIL,ZILUSDT,Cryptocurrency,Digital Asset,2024-09-01
ZRX,ZRXUSDT,Cryptocurrency,Digital Asset,2024-09-01
FET,FETUSDT,Cryptocurrency,Digital Asset,2024-09-01
BAT,BATUSDT,Cryptocurrency,Digital Asset,2024-09-01
XMR,XMRUSDT,Cryptocurrency,Digital Asset,2024-02-01
ZEC,ZECUSDT,Cryptocurrency,Digital Asset,2024-09-01
IOST,IOSTUSDT,Cryptocurrency,Digital Asset,2024-09-01
CELR,CELRUSDT,Cryptocurrency,Digital Asset,2024-09-01
DASH,DASHUSDT,Cryptocurrency,Digital Asset,2024-09-01
NANO,NANOUSDT,Cryptocurrency,Digital Asset,2022-01-01
OMG,OMGUSDT,Cryptocurrency,Digital Asset,2024-06-01
THETA,THETAUSDT,Cryptocurrency,Digital Asset,2024-09-01
ENJ,ENJUSDT,Cryptocurrency,Digital Asset,2024-09-01
MITH,MITHUSDT,Cryptocurrency,Digital Asset,2022-12-01
MATIC,MATICUSDT,Cryptocurrency,Digital Asset,2024-09-01
ATOM,ATOMUSDT,Cryptocurrency,Digital Asset,2024-09-01
TFUEL,TFUELUSDT,Cryptocurrency,Digital Asset,2024-09-01
ONE,ONEUSDT,Cryptocurrency,Digital Asset,2024-09-01
FTM,FTMUSDT,Cryptocurrency,Digital Asset,2024-09-01
ALGO,ALGOUSDT,Cryptocurrency,Digital Asset,2024-09-01
USDSB,USDSBUSDT,Cryptocurrency,Digital Asset,2019-09-01
GTO,GTOUSDT,Cryptocurrency,Digital Asset,2022-11-01
ERD,ERDUSDT,Cryptocurrency,Digital Asset,2020-08-01
DOGE,DOGEUSDT,Cryptocurrency,Digital Asset,2024-09-01
DUSK,DUSKUSDT,Cryptocurrency,Digital Asset,2024-09-01
ANKR,ANKRUSDT,Cryptocurrency,Digital Asset,2024-09-01
WIN,WINUSDT,Cryptocurrency,Digital Asset,2024-09-01
COS,COSUSDT,Cryptocurrency,Digital Asset,2024-09-01
NPXS,NPXSUSDT,Cryptocurrency,Digital Asset,2021-04-01
COCOS,COCOSUSDT,Cryptocurrency,Digital Asset,2023-05-01
MTL,MTLUSDT,Cryptocurrency,Digital Asset,2024-09-01
TOMO,TOMOUSDT,Cryptocurrency,Digital Asset,2023-11-01
PERL,PERLUSDT,Cryptocurrency,Digital Asset,2023-12-01
DENT,DENTUSDT,Cryptocurrency,Digital Asset,2024-09-01
MFT,MFTUSDT,Cryptocurrency,Digital Asset,2023-01-01
KEY,KEYUSDT,Cryptocurrency,Digital Asset,2024-09-01
STORM,STORMUSDT,Cryptocurrency,Digital Asset,2020-06-01
DOCK,DOCKUSDT,Cryptocurrency,Digital Asset,2024-07-01
WAN,WANUSDT,Cryptocurrency,Digital Asset,2024-09-01
FUN,FUNUSDT,Cryptocurrency,Digital Asset,2024-09-01
CVC,CVCUSDT,Cryptocurrency,Digital Asset,2024-09-01
CHZ,CHZUSDT,Cryptocurrency,Digital Asset,2024-09-01
BAND,BANDUSDT,Cryptocurrency,Digital Asset,2024-09-01
BUSD,BUSDUSDT,Cryptocurrency,Digital Asset,2023-12-01
BEAM,BEAMUSDT,Cryptocurrency,Digital Asset,2023-01-01
XTZ,XTZUSDT,Cryptocurrency,Digital Asset,2024-09-01
REN,RENUSDT,Cryptocurrency,Digital Asset,2024-09-01
RVN,RVNUSDT,Cryptocurrency,Digital Asset,2024-09-01
HC,HCUSDT,Cryptocurrency,Digital Asset,2020-11-01
HBAR,HBARUSDT,Cryptocurrency,Digital Asset,2024-09-01
NKN,NKNUSDT,Cryptocurrency,Digital Asset,2024-09-01
STX,STXUSDT,Cryptocurrency,Digital Asset,2024-09-01
KAVA,KAVAUSDT,Cryptocurrency,Digital Asset,2024-09-01
ARPA,ARPAUSDT,Cryptocurrency,Digital Asset,2024-09-01
IOTX,IOTXUSDT,Cryptocurrency,Digital Asset,2024-09-01
RLC,RLCUSDT,Cryptocurrency,Digital Asset,2024-09-01
MCO,MCOUSDT,Cryptocurrency,Digital Asset,2020-10-01
CTXC,CTXCUSDT,Cryptocurrency,Digital Asset,2024-09-01
BCH,BCHUSDT,Cryptocurrency,Digital Asset,2024-09-01
TROY,TROYUSDT,Cryptocurrency,Digital Asset,2024-09-01
VITE,VITEUSDT,Cryptocurrency,Digital Asset,2024-09-01
FTT,FTTUSDT,Cryptocurrency,Digital Asset,2024-09-01
EUR,EURUSDT,Cryptocurrency,Digital Asset,2024-09-01
OGN,OGNUSDT,Cryptocurrency,Digital Asset,2024-09-01
DREP,DREPUSDT,Cryptocurrency,Digital Asset,2024-04-01
BULL,BULLUSDT,Cryptocurrency,Digital Asset,2020-03-01
BEAR,BEARUSDT,Cryptocurrency,Digital Asset,2020-03-01
ETHBULL,ETHBULLUSDT,Cryptocurrency,Digital Asset,2020-03-01
ETHBEAR,ETHBEARUSDT,Cryptocurrency,Digital Asset,2020-03-01
TCT,TCTUSDT,Cryptocurrency,Digital Asset,2022-10-01
WRX,WRXUSDT,Cryptocurrency,Digital Asset,2024-09-01
BTS,BTSUSDT,Cryptocurrency,Digital Asset,2023-12-01
LSK,LSKUSDT,Cryptocurrency,Digital Asset,2024-09-01
BNT,BNTUSDT,Cryptocurrency,Digital Asset,2024-09-01
LTO,LTOUSDT,Cryptocurrency,Digital Asset,2024-09-01
EOSBULL,EOSBULLUSDT,Cryptocurrency,Digital Asset,2020-03-01
EOSBEAR,EOSBEARUSDT,Cryptocurrency,Digital Asset,2020-03-01
XRPBULL,XRPBULLUSDT,Cryptocurrency,Digital Asset,2020-03-01
XRPBEAR,XRPBEARUSDT,Cryptocurrency,Digital Asset,2020-03-01
STRAT,STRATUSDT,Cryptocurrency,Digital Asset,2020-11-01
AION,AIONUSDT,Cryptocurrency,Digital Asset,2023-02-01
MBL,MBLUSDT,Cryptocurrency,Digital Asset,2024-09-01
COTI,COTIUSDT,Cryptocurrency,Digital Asset,2024-09-01
BNBBULL,BNBBULLUSDT,Cryptocurrency,Digital Asset,2020-03-01
BNBBEAR,BNBBEARUSDT,Cryptocurrency,Digital Asset,2020-03-01
STPT,STPTUSDT,Cryptocurrency,Digital Asset,2024-09-01
WTC,WTCUSDT,Cryptocurrency,Digital Asset,2023-12-01
DATA,DATAUSDT,Cryptocurrency,Digital Asset,2024-09-01
XZC,XZCUSDT,Cryptocurrency,Digital Asset,2021-01-01
SOL,SOLUSDT,Cryptocurrency,Digital Asset,2024-09-01
CTSI,CTSIUSDT,Cryptocurrency,Digital Asset,2024-09-01
HIVE,HIVEUSDT,Cryptocurrency,Digital Asset,2024-09-01
CHR,CHRUSDT,Cryptocurrency,Digital Asset,2024-09-01
BTCUP,BTCUPUSDT,Cryptocurrency,Digital Asset,2024-02-01
BTCDOWN,BTCDOWNUSDT,Cryptocurrency,Digital Asset,2024-02-01
GXS,GXSUSDT,Cryptocurrency,Digital Asset,2022-04-01
ARDR,ARDRUSDT,Cryptocurrency,Digital Asset,2024-09-01
LEND,LENDUSDT,Cryptocurrency,Digital Asset,2020-10-01
MDT,MDTUSDT,Cryptocurrency,Digital Asset,2024-09-01
STMX,STMXUSDT,Cryptocurrency,Digital Asset,2024-09-01
KNC,KNCUSDT,Cryptocurrency,Digital Asset,2024-09-01
REP,REPUSDT,Cryptocurrency,Digital Asset,2022-12-01
LRC,LRCUSDT,Cryptocurrency,Digital Asset,2024-09-01
PNT,PNTUSDT,Cryptocurrency,Digital Asset,2024-04-01
COMP,COMPUSDT,Cryptocurrency,Digital Asset,2024-09-01
BKRW,BKRWUSDT,Cryptocurrency,Digital Asset,2020-08-01
SC,SCUSDT,Cryptocurrency,Digital Asset,2024-09-01
ZEN,ZENUSDT,Cryptocurrency,Digital Asset,2024-09-01
SNX,SNXUSDT,Cryptocurrency,Digital Asset,2024-09-01
ETHUP,ETHUPUSDT,Cryptocurrency,Digital Asset,2024-02-01
ETHDOWN,ETHDOWNUSDT,Cryptocurrency,Digital Asset,2024-02-01
ADAUP,ADAUPUSDT,Cryptocurrency,Digital Asset,2023-08-01
ADADOWN,ADADOWNUSDT,Cryptocurrency,Digital Asset,2023-08-01
LINKUP,LINKUPUSDT,Cryptocurrency,Digital Asset,2023-04-01
LINKDOWN,LINKDOWNUSDT,Cryptocurrency,Digital Asset,2023-04-01
VTHO,VTHOUSDT,Cryptocurrency,Digital Asset,2024-09-01
DGB,DGBUSDT,Cryptocurrency,Digital Asset,2024-09-01
GBP,GBPUSDT,Cryptocurrency,Digital Asset,2023-12-01
SXP,SXPUSDT,Cryptocurrency,Digital Asset,2024-09-01
MKR,MKRUSDT,Cryptocurrency,Digital Asset,2024-09-01
DAI,DAIUSDT,Cryptocurrency,Digital Asset,2020-08-01
DCR,DCRUSDT,Cryptocurrency,Digital Asset,2024-09-01
STORJ,STORJUSDT,Cryptocurrency,Digital Asset,2024-09-01
BNBUP,BNBUPUSDT,Cryptocurrency,Digital Asset,2024-02-01
BNBDOWN,BNBDOWNUSDT,Cryptocurrency,Digital Asset,2024-02-01
XTZUP,XTZUPUSDT,Cryptocurrency,Digital Asset,2022-01-01
XTZDOWN,XTZDOWNUSDT,Cryptocurrency,Digital Asset,2022-01-01
MANA,MANAUSDT,Cryptocurrency,Digital Asset,2024-09-01
AUD,AUDUSDT,Cryptocurrency,Digital Asset,2023-06-01
YFI,YFIUSDT,Cryptocurrency,Digital Asset,2024-09-01
BAL,BALUSDT,Cryptocurrency,Digital Asset,2024-09-01
BLZ,BLZUSDT,Cryptocurrency,Digital Asset,2024-09-01
IRIS,IRISUSDT,Cryptocurrency,Digital Asset,2024-09-01
KMD,KMDUSDT,Cryptocurrency,Digital Asset,2024-09-01
JST,JSTUSDT,Cryptocurrency,Digital Asset,2024-09-01
SRM,SRMUSDT,Cryptocurrency,Digital Asset,2022-11-01
ANT,ANTUSDT,Cryptocurrency,Digital Asset,2024-02-01
CRV,CRVUSDT,Cryptocurrency,Digital Asset,2024-09-01
SAND,SANDUSDT,Cryptocurrency,Digital Asset,2024-09-01
OCEAN,OCEANUSDT,Cryptocurrency,Digital Asset,2024-07-01
NMR,NMRUSDT,Cryptocurrency,Digital Asset,2024-09-01
DOT,DOTUSDT,Cryptocurrency,Digital Asset,2024-09-01
LUNA,LUNAUSDT,Cryptocurrency,Digital Asset,2024-09-01
RSR,RSRUSDT,Cryptocurrency,Digital Asset,2024-09-01
PAXG,PAXGUSDT,Cryptocurrency,Digital Asset,2024-09-01
WNXM,WNXMUSDT,Cryptocurrency,Digital Asset,2024-06-01
TRB,TRBUSDT,Cryptocurrency,Digital Asset,2024-09-01
BZRX,BZRXUSDT,Cryptocurrency,Digital Asset,2021-12-01
SUSHI,SUSHIUSDT,Cryptocurrency,Digital Asset,2024-09-01
YFII,YFIIUSDT,Cryptocurrency,Digital Asset,2023-08-01
KSM,KSMUSDT,Cryptocurrency,Digital Asset,2024-09-01
EGLD,EGLDUSDT,Cryptocurrency,Digital Asset,2024-09-01
DIA,DIAUSDT,Cryptocurrency,Digital Asset,2024-09-01
RUNE,RUNEUSDT,Cryptocurrency,Digital Asset,2024-09-01
FIO,FIOUSDT,Cryptocurrency,Digital Asset,2024-09-01
UMA,UMAUSDT,Cryptocurrency,Digital Asset,2024-09-01
EOSUP,EOSUPUSDT,Cryptocurrency,Digital Asset,2021-12-01
EOSDOWN,EOSDOWNUSDT,Cryptocurrency,Digital Asset,2021-12-01
TRXUP,TRXUPUSDT,Cryptocurrency,Digital Asset,2022-11-01
TRXDOWN,TRXDOWNUSDT,Cryptocurrency,Digital Asset,2022-11-01
XRPUP,XRPUPUSDT,Cryptocurrency,Digital Asset,2023-05-01
XRPDOWN,XRPDOWNUSDT,Cryptocurrency,Digital Asset,2023-05-01
DOTUP,DOTUPUSDT,Cryptocurrency,Digital Asset,2022-11-01
DOTDOWN,DOTDOWNUSDT,Cryptocurrency,Digital Asset,2022-11-01
BEL,BELUSDT,Cryptocurrency,Digital Asset,2024-09-01
WING,WINGUSDT,Cryptocurrency,Digital Asset,2024-09-01
LTCUP,LTCUPUSDT,Cryptocurrency,Digital Asset,2022-01-01
LTCDOWN,LTCDOWNUSDT,Cryptocurrency,Digital Asset,2022-01-01
UNI,UNIUSDT,Cryptocurrency,Digital Asset,2024-09-01
NBS,NBSUSDT,Cryptocurrency,Digital Asset,2022-10-01
OXT,OXTUSDT,Cryptocurrency,Digital Asset,2024-09-01
SUN,SUNUSDT,Cryptocurrency,Digital Asset,2024-09-01
AVAX,AVAXUSDT,Cryptocurrency,Digital Asset,2024-09-01
HNT,HNTUSDT,Cryptocurrency,Digital Asset,2022-10-01
FLM,FLMUSDT,Cryptocurrency,Digital Asset,2024-09-01
UNIUP,UNIUPUSDT,Cryptocurrency,Digital Asset,2021-12-01
UNIDOWN,UNIDOWNUSDT,Cryptocurrency,Digital Asset,2021-12-01
ORN,ORNUSDT,Cryptocurrency,Digital Asset,2024-09-01
UTK,UTKUSDT,Cryptocurrency,Digital Asset,2024-09-01
XVS,XVSUSDT,Cryptocurrency,Digital Asset,2024-09-01
ALPHA,ALPHAUSDT,Cryptocurrency,Digital Asset,2024-09-01
AAVE,AAVEUSDT,Cryptocurrency,Digital Asset,2024-09-01
NEAR,NEARUSDT,Cryptocurrency,Digital Asset,2024-09-01
SXPUP,SXPUPUSDT,Cryptocurrency,Digital Asset,2021-11-01
SXPDOWN,SXPDOWNUSDT,Cryptocurrency,Digital Asset,2021-11-01
FIL,FILUSDT,Cryptocurrency,Digital Asset,2024-09-01
FILUP,FILUPUSDT,Cryptocurrency,Digital Asset,2022-01-01
FILDOWN,FILDOWNUSDT,Cryptocurrency,Digital Asset,2022-01-01
YFIUP,YFIUPUSDT,Cryptocurrency,Digital Asset,2021-12-01
YFIDOWN,YFIDOWNUSDT,Cryptocurrency,Digital Asset,2021-12-01
INJ,INJUSDT,Cryptocurrency,Digital Asset,2024-09-01
AUDIO,AUDIOUSDT,Cryptocurrency,Digital Asset,2024-09-01
CTK,CTKUSDT,Cryptocurrency,Digital Asset,2024-09-01
BCHUP,BCHUPUSDT,Cryptocurrency,Digital Asset,2022-01-01
BCHDOWN,BCHDOWNUSDT,Cryptocurrency,Digital Asset,2022-01-01
AKRO,AKROUSDT,Cryptocurrency,Digital Asset,2024-09-01
AXS,AXSUSDT,Cryptocurrency,Digital Asset,2024-09-01
HARD,HARDUSDT,Cryptocurrency,Digital Asset,2024-09-01
DNT,DNTUSDT,Cryptocurrency,Digital Asset,2022-10-01
STRAX,STRAXUSDT,Cryptocurrency,Digital Asset,2024-09-01
UNFI,UNFIUSDT,Cryptocurrency,Digital Asset,2024-09-01
ROSE,ROSEUSDT,Cryptocurrency,Digital Asset,2024-09-01
AVA,AVAUSDT,Cryptocurrency,Digital Asset,2024-09-01
XEM,XEMUSDT,Cryptocurrency,Digital Asset,2024-06-01
AAVEUP,AAVEUPUSDT,Cryptocurrency,Digital Asset,2021-11-01
AAVEDOWN,AAVEDOWNUSDT,Cryptocurrency,Digital Asset,2021-11-01
SKL,SKLUSDT,Cryptocurrency,Digital Asset,2024-09-01
SUSD,SUSDUSDT,Cryptocurrency,Digital Asset,2022-04-01
SUSHIUP,SUSHIUPUSDT,Cryptocurrency,Digital Asset,2021-12-01
SUSHIDOWN,SUSHIDOWNUSDT,Cryptocurrency,Digital Asset,2021-12-01
XLMUP,XLMUPUSDT,Cryptocurrency,Digital Asset,2021-12-01
XLMDOWN,XLMDOWNUSDT,Cryptocurrency,Digital Asset,2021-12-01
GRT,GRTUSDT,Cryptocurrency,Digital Asset,2024-09-01
JUV,JUVUSDT,Cryptocurrency,Digital Asset,2024-09-01
PSG,PSGUSDT,Cryptocurrency,Digital Asset,2024-09-01
1INCH,1INCHUSDT,Cryptocurrency,Digital Asset,2024-09-01
REEF,REEFUSDT,Cryptocurrency,Digital Asset,2024-08-01
OG,OGUSDT,Cryptocurrency,Digital Asset,2024-09-01
ATM,ATMUSDT,Cryptocurrency,Digital Asset,2024-09-01
ASR,ASRUSDT,Cryptocurrency,Digital Asset,2024-09-01
CELO,CELOUSDT,Cryptocurrency,Digital Asset,2024-09-01
RIF,RIFUSDT,Cryptocurrency,Digital Asset,2024-09-01
BTCST,BTCSTUSDT,Cryptocurrency,Digital Asset,2022-11-01
TRU,TRUUSDT,Cryptocurrency,Digital Asset,2024-09-01
CKB,CKBUSDT,Cryptocurrency,Digital Asset,2024-09-01
TWT,TWTUSDT,Cryptocurrency,Digital Asset,2024-09-01
FIRO,FIROUSDT,Cryptocurrency,Digital Asset,2024-09-01
LIT,LITUSDT,Cryptocurrency,Digital Asset,2024-09-01
SFP,SFPUSDT,Cryptocurrency,Digital Asset,2024-09-01
DODO,DODOUSDT,Cryptocurrency,Digital Asset,2024-09-01
CAKE,CAKEUSDT,Cryptocurrency,Digital Asset,2024-09-01
ACM,ACMUSDT,Cryptocurrency,Digital Asset,2024-09-01
BADGER,BADGERUSDT,Cryptocurrency,Digital Asset,2024-09-01
FIS,FISUSDT,Cryptocurrency,Digital Asset,2024-09-01
OM,OMUSDT,Cryptocurrency,Digital Asset,2024-09-01
POND,PONDUSDT,Cryptocurrency,Digital Asset,2024-09-01
DEGO,DEGOUSDT,Cryptocurrency,Digital Asset,2024-09-01
ALICE,ALICEUSDT,Cryptocurrency,Digital Asset,2024-09-01
LINA,LINAUSDT,Cryptocurrency,Digital Asset,2024-09-01
PERP,PERPUSDT,Cryptocurrency,Digital Asset,2024-09-01
RAMP,RAMPUSDT,Cryptocurrency,Digital Asset,2022-07-01
SUPER,SUPERUSDT,Cryptocurrency,Digital Asset,2024-09-01
CFX,CFXUSDT,Cryptocurrency,Digital Asset,2024-09-01
EPS,EPSUSDT,Cryptocurrency,Digital Asset,2022-05-01
AUTO,AUTOUSDT,Cryptocurrency,Digital Asset,2023-04-01
TKO,TKOUSDT,Cryptocurrency,Digital Asset,2024-09-01
PUNDIX,PUNDIXUSDT,Cryptocurrency,Digital Asset,2024-09-01
TLM,TLMUSDT,Cryptocurrency,Digital Asset,2024-09-01
1INCHUP,1INCHUPUSDT,Cryptocurrency,Digital Asset,2021-12-01
1INCHDOWN,1INCHDOWNUSDT,Cryptocurrency,Digital Asset,2021-12-01
BTG,BTGUSDT,Cryptocurrency,Digital Asset,2022-10-01
MIR,MIRUSDT,Cryptocurrency,Digital Asset,2022-12-01
BAR,BARUSDT,Cryptocurrency,Digital Asset,2024-09-01
FORTH,FORTHUSDT,Cryptocurrency,Digital Asset,2024-09-01
BAKE,BAKEUSDT,Cryptocurrency,Digital Asset,2024-09-01
BURGER,BURGERUSDT,Cryptocurrency,Digital Asset,2024-09-01
SLP,SLPUSDT,Cryptocurrency,Digital Asset,2024-09-01
SHIB,SHIBUSDT,Cryptocurrency,Digital Asset,2024-09-01
ICP,ICPUSDT,Cryptocurrency,Digital Asset,2024-09-01
AR,ARUSDT,Cryptocurrency,Digital Asset,2024-09-01
POLS,POLSUSDT,Cryptocurrency,Digital Asset,2024-07-01
MDX,MDXUSDT,Cryptocurrency,Digital Asset,2024-07-01
MASK,MASKUSDT,Cryptocurrency,Digital Asset,2024-09-01
LPT,LPTUSDT,Cryptocurrency,Digital Asset,2024-09-01
NU,NUUSDT,Cryptocurrency,Digital Asset,2022-02-01
XVG,XVGUSDT,Cryptocurrency,Digital Asset,2024-09-01
ATA,ATAUSDT,Cryptocurrency,Digital Asset,2024-09-01
GTC,GTCUSDT,Cryptocurrency,Digital Asset,2024-09-01
TORN,TORNUSDT,Cryptocurrency,Digital Asset,2022-12-01
KEEP,KEEPUSDT,Cryptocurrency,Digital Asset,2022-02-01
ERN,ERNUSDT,Cryptocurrency,Digital Asset,2024-09-01
KLAY,KLAYUSDT,Cryptocurrency,Digital Asset,2024-09-01
PHA,PHAUSDT,Cryptocurrency,Digital Asset,2024-09-01
BOND,BONDUSDT,Cryptocurrency,Digital Asset,2024-07-01
MLN,MLNUSDT,Cryptocurrency,Digital Asset,2024-09-01
DEXE,DEXEUSDT,Cryptocurrency,Digital Asset,2024-09-01
C98,C98USDT,Cryptocurrency,Digital Asset,2024-09-01
CLV,CLVUSDT,Cryptocurrency,Digital Asset,2024-09-01
QNT,QNTUSDT,Cryptocurrency,Digital Asset,2024-09-01
FLOW,FLOWUSDT,Cryptocurrency,Digital Asset,2024-09-01
TVK,TVKUSDT,Cryptocurrency,Digital Asset,2023-11-01
MINA,MINAUSDT,Cryptocurrency,Digital Asset,2024-09-01
RAY,RAYUSDT,Cryptocurrency,Digital Asset,2024-09-01
FARM,FARMUSDT,Cryptocurrency,Digital Asset,2024-09-01
ALPACA,ALPACAUSDT,Cryptocurrency,Digital Asset,2024-09-01
QUICK,QUICKUSDT,Cryptocurrency,Digital Asset,2024-09-01
MBOX,MBOXUSDT,Cryptocurrency,Digital Asset,2024-09-01
FOR,FORUSDT,Cryptocurrency,Digital Asset,2024-08-01
REQ,REQUSDT,Cryptocurrency,Digital Asset,2024-09-01
GHST,GHSTUSDT,Cryptocurrency,Digital Asset,2024-09-01
WAXP,WAXPUSDT,Cryptocurrency,Digital Asset,2024-09-01
TRIBE,TRIBEUSDT,Cryptocurrency,Digital Asset,2022-11-01
GNO,GNOUSDT,Cryptocurrency,Digital Asset,2024-09-01
XEC,XECUSDT,Cryptocurrency,Digital Asset,2024-09-01
ELF,ELFUSDT,Cryptocurrency,Digital Asset,2024-09-01
DYDX,DYDXUSDT,Cryptocurrency,Digital Asset,2024-09-01
POLY,POLYUSDT,Cryptocurrency,Digital Asset,2022-10-01
IDEX,IDEXUSDT,Cryptocurrency,Digital Asset,2024-09-01
VIDT,VIDTUSDT,Cryptocurrency,Digital Asset,2024-09-01
USDP,USDPUSDT,Cryptocurrency,Digital Asset,2024-09-01
GALA,GALAUSDT,Cryptocurrency,Digital Asset,2024-09-01
ILV,ILVUSDT,Cryptocurrency,Digital Asset,2024-09-01
YGG,YGGUSDT,Cryptocurrency,Digital Asset,2024-09-01
SYS,SYSUSDT,Cryptocurrency,Digital Asset,2024-09-01
DF,DFUSDT,Cryptocurrency,Digital Asset,2024-09-01
FIDA,FIDAUSDT,Cryptocurrency,Digital Asset,2024-09-01
FRONT,FRONTUSDT,Cryptocurrency,Digital Asset,2024-08-01
CVP,CVPUSDT,Cryptocurrency,Digital Asset,2024-08-01
AGLD,AGLDUSDT,Cryptocurrency,Digital Asset,2024-09-01
RAD,RADUSDT,Cryptocurrency,Digital Asset,2024-09-01
BETA,BETAUSDT,Cryptocurrency,Digital Asset,2024-09-01
RARE,RAREUSDT,Cryptocurrency,Digital Asset,2024-09-01
LAZIO,LAZIOUSDT,Cryptocurrency,Digital Asset,2024-09-01
CHESS,CHESSUSDT,Cryptocurrency,Digital Asset,2024-09-01
ADX,ADXUSDT,Cryptocurrency,Digital Asset,2024-09-01
AUCTION,AUCTIONUSDT,Cryptocurrency,Digital Asset,2024-09-01
DAR,DARUSDT,Cryptocurrency,Digital Asset,2024-09-01
BNX,BNXUSDT,Cryptocurrency,Digital Asset,2024-09-01
RGT,RGTUSDT,Cryptocurrency,Digital Asset,2022-03-01
MOVR,MOVRUSDT,Cryptocurrency,Digital Asset,2024-09-01
CITY,CITYUSDT,Cryptocurrency,Digital Asset,2024-09-01
ENS,ENSUSDT,Cryptocurrency,Digital Asset,2024-09-01
KP3R,KP3RUSDT,Cryptocurrency,Digital Asset,2024-09-01
QI,QIUSDT,Cryptocurrency,Digital Asset,2024-09-01
PORTO,PORTOUSDT,Cryptocurrency,Digital Asset,2024-09-01
POWR,POWRUSDT,Cryptocurrency,Digital Asset,2024-09-01
VGX,VGXUSDT,Cryptocurrency,Digital Asset,2024-08-01
JASMY,JASMYUSDT,Cryptocurrency,Digital Asset,2024-09-01
AMP,AMPUSDT,Cryptocurrency,Digital Asset,2024-09-01
PLA,PLAUSDT,Cryptocurrency,Digital Asset,2024-02-01
PYR,PYRUSDT,Cryptocurrency,Digital Asset,2024-09-01
RNDR,RNDRUSDT,Cryptocurrency,Digital Asset,2024-07-01
ALCX,ALCXUSDT,Cryptocurrency,Digital Asset,2024-09-01
SANTOS,SANTOSUSDT,Cryptocurrency,Digital Asset,2024-09-01
MC,MCUSDT,Cryptocurrency,Digital Asset,2023-11-01
ANY,ANYUSDT,Cryptocurrency,Digital Asset,2022-03-01
BICO,BICOUSDT,Cryptocurrency,Digital Asset,2024-09-01
FLUX,FLUXUSDT,Cryptocurrency,Digital Asset,2024-09-01
FXS,FXSUSDT,Cryptocurrency,Digital Asset,2024-09-01
VOXEL,VOXELUSDT,Cryptocurrency,Digital Asset,2024-09-01
HIGH,HIGHUSDT,Cryptocurrency,Digital Asset,2024-09-01
CVX,CVXUSDT,Cryptocurrency,Digital Asset,2024-09-01
PEOPLE,PEOPLEUSDT,Cryptocurrency,Digital Asset,2024-09-01
OOKI,OOKIUSDT,Cryptocurrency,Digital Asset,2024-09-01
SPELL,SPELLUSDT,Cryptocurrency,Digital Asset,2024-09-01
UST,USTUSDT,Cryptocurrency,Digital Asset,2022-05-01
JOE,JOEUSDT,Cryptocurrency,Digital Asset,2024-09-01
ACH,ACHUSDT,Cryptocurrency,Digital Asset,2024-09-01
IMX,IMXUSDT,Cryptocurrency,Digital Asset,2024-09-01
GLMR,GLMRUSDT,Cryptocurrency,Digital Asset,2024-09-01
LOKA,LOKAUSDT,Cryptocurrency,Digital Asset,2024-09-01
SCRT,SCRTUSDT,Cryptocurrency,Digital Asset,2024-09-01
API3,API3USDT,Cryptocurrency,Digital Asset,2024-09-01
BTTC,BTTCUSDT,Cryptocurrency,Digital Asset,2024-09-01
ACA,ACAUSDT,Cryptocurrency,Digital Asset,2024-09-01
ANC,ANCUSDT,Cryptocurrency,Digital Asset,2022-12-01
XNO,XNOUSDT,Cryptocurrency,Digital Asset,2024-09-01
WOO,WOOUSDT,Cryptocurrency,Digital Asset,2024-09-01
ALPINE,ALPINEUSDT,Cryptocurrency,Digital Asset,2024-09-01
T,TUSDT,Cryptocurrency,Digital Asset,2024-09-01
ASTR,ASTRUSDT,Cryptocurrency,Digital Asset,2024-09-01
GMT,GMTUSDT,Cryptocurrency,Digital Asset,2024-09-01
KDA,KDAUSDT,Cryptocurrency,Digital Asset,2024-09-01
APE,APEUSDT,Cryptocurrency,Digital Asset,2024-09-01
BSW,BSWUSDT,Cryptocurrency,Digital Asset,2024-09-01
BIFI,BIFIUSDT,Cryptocurrency,Digital Asset,2024-09-01
MULTI,MULTIUSDT,Cryptocurrency,Digital Asset,2024-02-01
STEEM,STEEMUSDT,Cryptocurrency,Digital Asset,2024-09-01
MOB,MOBUSDT,Cryptocurrency,Digital Asset,2024-04-01
NEXO,NEXOUSDT,Cryptocurrency,Digital Asset,2024-09-01
REI,REIUSDT,Cryptocurrency,Digital Asset,2024-09-01
GAL,GALUSDT,Cryptocurrency,Digital Asset,2024-07-01
LDO,LDOUSDT,Cryptocurrency,Digital Asset,2024-09-01
EPX,EPXUSDT,Cryptocurrency,Digital Asset,2024-08-01
OP,OPUSDT,Cryptocurrency,Digital Asset,2024-09-01
LEVER,LEVERUSDT,Cryptocurrency,Digital Asset,2024-09-01
STG,STGUSDT,Cryptocurrency,Digital Asset,2024-09-01
LUNC,LUNCUSDT,Cryptocurrency,Digital Asset,2024-09-01
GMX,GMXUSDT,Cryptocurrency,Digital Asset,2024-09-01
NEBL,NEBLUSDT,Cryptocurrency,Digital Asset,2023-04-01
POLYX,POLYXUSDT,Cryptocurrency,Digital Asset,2024-09-01
APT,APTUSDT,Cryptocurrency,Digital Asset,2024-09-01
OSMO,OSMOUSDT,Cryptocurrency,Digital Asset,2024-09-01
HFT,HFTUSDT,Cryptocurrency,Digital Asset,2024-09-01
PHB,PHBUSDT,Cryptocurrency,Digital Asset,2024-09-01
HOOK,HOOKUSDT,Cryptocurrency,Digital Asset,2024-09-01
MAGIC,MAGICUSDT,Cryptocurrency,Digital Asset,2024-09-01
HIFI,HIFIUSDT,Cryptocurrency,Digital Asset,2024-09-01
RPL,RPLUSDT,Cryptocurrency,Digital Asset,2024-09-01
PROS,PROSUSDT,Cryptocurrency,Digital Asset,2024-09-01
AGIX,AGIXUSDT,Cryptocurrency,Digital Asset,2024-07-01
GNS,GNSUSDT,Cryptocurrency,Digital Asset,2024-09-01
SYN,SYNUSDT,Cryptocurrency,Digital Asset,2024-09-01
VIB,VIBUSDT,Cryptocurrency,Digital Asset,2024-09-01
SSV,SSVUSDT,Cryptocurrency,Digital Asset,2024-09-01
LQTY,LQTYUSDT,Cryptocurrency,Digital Asset,2024-09-01
AMB,AMBUSDT,Cryptocurrency,Digital Asset,2024-09-01
BETH,BETHUSDT,Cryptocurrency,Digital Asset,2023-10-01
USTC,USTCUSDT,Cryptocurrency,Digital Asset,2024-09-01
GAS,GASUSDT,Cryptocurrency,Digital Asset,2024-09-01
GLM,GLMUSDT,Cryptocurrency,Digital Asset,2024-09-01
PROM,PROMUSDT,Cryptocurrency,Digital Asset,2024-09-01
QKC,QKCUSDT,Cryptocurrency,Digital Asset,2024-09-01
UFT,UFTUSDT,Cryptocurrency,Digital Asset,2024-09-01
ID,IDUSDT,Cryptocurrency,Digital Asset,2024-09-01
ARB,ARBUSDT,Cryptocurrency,Digital Asset,2024-09-01
LOOM,LOOMUSDT,Cryptocurrency,Digital Asset,2024-08-01
OAX,OAXUSDT,Cryptocurrency,Digital Asset,2024-09-01
RDNT,RDNTUSDT,Cryptocurrency,Digital Asset,2024-09-01
WBTC,WBTCUSDT,Cryptocurrency,Digital Asset,2024-09-01
EDU,EDUUSDT,Cryptocurrency,Digital Asset,2024-09-01
SUI,SUIUSDT,Cryptocurrency,Digital Asset,2024-09-01
AERGO,AERGOUSDT,Cryptocurrency,Digital Asset,2024-09-01
PEPE,PEPEUSDT,Cryptocurrency,Digital Asset,2024-09-01
FLOKI,FLOKIUSDT,Cryptocurrency,Digital Asset,2024-09-01
AST,ASTUSDT,Cryptocurrency,Digital Asset,2024-09-01
SNT,SNTUSDT,Cryptocurrency,Digital Asset,2024-09-01
COMBO,COMBOUSDT,Cryptocurrency,Digital Asset,2024-09-01
MAV,MAVUSDT,Cryptocurrency,Digital Asset,2024-09-01
PENDLE,PENDLEUSDT,Cryptocurrency,Digital Asset,2024-09-01
ARKM,ARKMUSDT,Cryptocurrency,Digital Asset,2024-09-01
WBETH,WBETHUSDT,Cryptocurrency,Digital Asset,2024-09-01
WLD,WLDUSDT,Cryptocurrency,Digital Asset,2024-09-01
FDUSD,FDUSDUSDT,Cryptocurrency,Digital Asset,2024-09-01
SEI,SEIUSDT,Cryptocurrency,Digital Asset,2024-09-01
CYBER,CYBERUSDT,Cryptocurrency,Digital Asset,2024-09-01
ARK,ARKUSDT,Cryptocurrency,Digital Asset,2024-09-01
CREAM,CREAMUSDT,Cryptocurrency,Digital Asset,2024-09-01
GFT,GFTUSDT,Cryptocurrency,Digital Asset,2024-09-01
IQ,IQUSDT,Cryptocurrency,Digital Asset,2024-09-01
NTRN,NTRNUSDT,Cryptocurrency,Digital Asset,2024-09-01
TIA,TIAUSDT,Cryptocurrency,Digital Asset,2024-09-01
MEME,MEMEUSDT,Cryptocurrency,Digital Asset,2024-09-01
ORDI,ORDIUSDT,Cryptocurrency,Digital Asset,2024-09-01
BEAMX,BEAMXUSDT,Cryptocurrency,Digital Asset,2024-09-01
PIVX,PIVXUSDT,Cryptocurrency,Digital Asset,2024-09-01
VIC,VICUSDT,Cryptocurrency,Digital Asset,2024-09-01
BLUR,BLURUSDT,Cryptocurrency,Digital Asset,2024-09-01
VANRY,VANRYUSDT,Cryptocurrency,Digital Asset,2024-09-01
AEUR,AEURUSDT,Cryptocurrency,Digital Asset,2024-09-01
JTO,JTOUSDT,Cryptocurrency,Digital Asset,2024-09-01
1000SATS,1000SATSUSDT,Cryptocurrency,Digital Asset,2024-09-01
BONK,BONKUSDT,Cryptocurrency,Digital Asset,2024-09-01
ACE,ACEUSDT,Cryptocurrency,Digital Asset,2024-09-01
NFP,NFPUSDT,Cryptocurrency,Digital Asset,2024-09-01
AI,AIUSDT,Cryptocurrency,Digital Asset,2024-09-01
XAI,XAIUSDT,Cryptocurrency,Digital Asset,2024-09-01
MANTA,MANTAUSDT,Cryptocurrency,Digital Asset,2024-09-01
ALT,ALTUSDT,Cryptocurrency,Digital Asset,2024-09-01
JUP,JUPUSDT,Cryptocurrency,Digital Asset,2024-09-01
PYTH,PYTHUSDT,Cryptocurrency,Digital Asset,2024-09-01
RONIN,RONINUSDT,Cryptocurrency,Digital Asset,2024-09-01
DYM,DYMUSDT,Cryptocurrency,Digital Asset,2024-09-01
PIXEL,PIXELUSDT,Cryptocurrency,Digital Asset,2024-09-01
STRK,STRKUSDT,Cryptocurrency,Digital Asset,2024-09-01
PORTAL,PORTALUSDT,Cryptocurrency,Digital Asset,2024-09-01
PDA,PDAUSDT,Cryptocurrency,Digital Asset,2024-09-01
AXL,AXLUSDT,Cryptocurrency,Digital Asset,2024-09-01
WIF,WIFUSDT,Cryptocurrency,Digital Asset,2024-09-01
METIS,METISUSDT,Cryptocurrency,Digital Asset,2024-09-01
AEVO,AEVOUSDT,Cryptocurrency,Digital Asset,2024-09-01
BOME,BOMEUSDT,Cryptocurrency,Digital Asset,2024-09-01
ETHFI,ETHFIUSDT,Cryptocurrency,Digital Asset,2024-09-01
ENA,ENAUSDT,Cryptocurrency,Digital Asset,2024-09-01
W,WUSDT,Cryptocurrency,Digital Asset,2024-09-01
TNSR,TNSRUSDT,Cryptocurrency,Digital Asset,2024-09-01
SAGA,SAGAUSDT,Cryptocurrency,Digital Asset,2024-09-01
TAO,TAOUSDT,Cryptocurrency,Digital Asset,2024-09-01
OMNI,OMNIUSDT,Cryptocurrency,Digital Asset,2024-09-01
REZ,REZUSDT,Cryptocurrency,Digital Asset,2024-09-01
BB,BBUSDT,Cryptocurrency,Digital Asset,2024-09-01
NOT,NOTUSDT,Cryptocurrency,Digital Asset,2024-09-01
IO,IOUSDT,Cryptocurrency,Digital Asset,2024-09-01
ZK,ZKUSDT,Cryptocurrency,Digital Asset,2024-09-01
LISTA,LISTAUSDT,Cryptocurrency,Digital Asset,2024-09-01
ZRO,ZROUSDT,Cryptocurrency,Digital Asset,2024-09-01
G,GUSDT,Cryptocurrency,Digital Asset,2024-09-01
BANANA,BANANAUSDT,Cryptocurrency,Digital Asset,2024-09-01
RENDER,RENDERUSDT,Cryptocurrency,Digital Asset,2024-09-01
TON,TONUSDT,Cryptocurrency,Digital Asset,2024-09-01
DOGS,DOGSUSDT,Cryptocurrency,Digital Asset,2024-09-01
EURI,EURIUSDT,Cryptocurrency,Digital Asset,2024-09-01
SLF,SLFUSDT,Cryptocurrency,Digital Asset,2024-09-01
